ID,Bullying?(Sim ou Nao),"Papel(vitima, bully ou relator)"
824793532946854000,Sim,relator
824806743528047000,Nao,n/a
805951416179294000,Sim,vítima
807342130880451000,Sim,vítima
809545626526634000,Sim,n/a
810636401347858000,Sim,relator
819611970466939000,Sim,relator
819598122515133000,Sim,relator
824606774380655000,Nao,n/a
803295299955462000,Sim,bully
811340969601860000,Nao,n/a
818144461935014000,Sim,relator
816333890906452000,Nao,n/a
807379809907122000,Sim,bully
725867622244454000,Nao,n/a
807163869068218000,Nao,n/a
824729116180152000,Sim,bully
821413562564379000,Sim,vítima
802104450122994000,Nao,n/a
820054442510848000,Sim,relator
818269450852045000,Sim,bully
818283650303271000,Sim,relator
806558452831179000,Nao,n/a
820778192671797000,Sim,relator
809113033373000000,Sim,relator
802166283370426000,Sim,vítima
800464154029130000,Sim,relator
817391453353771000,Sim,relator
819634965973467000,Sim,relator
812372894164468000,Sim,relator
819568260979061000,Sim,relator
811621978356519000,Nao,n/a
806893021669327000,Nao,n/a
824999955765068000,Sim,relator
810660718878003000,Nao,n/a
807521620709491000,Nao,n/a
821542194221904000,Nao,n/a
813783373256806000,Sim,vítima
804680798964187000,Sim,vítima
820057936072426000,Sim,relator
800896541435240000,Sim,vítima
810690722613629000,Sim,vítima
800161752755425000,Sim,relator
802653683657757000,Sim,relator
824444605722743000,Sim,bully
808069764585235000,Sim,vítima
812112515115139000,Sim,bully
807444160458408000,Sim,relator
810907688406290000,Sim,relator
811984688621425000,Sim,vítima
824316102234767000,Sim,relator
810839985771414000,Sim,relator
824830484500840000,Sim,vítima
821132806545965000,Sim,vítima
816699156555297000,Sim,relator
818292234416247000,Sim,vítima
824128286313869000,Sim,bully
812460884316607000,Sim,vítima
807758245595124000,Nao,n/a
820040138139009000,Sim,vítima
824682173412340000,Nao,n/a
705065726567182000,Nao,n/a
809541339666907000,Sim,vítima
802466977403064000,Nao,n/a
807678073449677000,Nao,n/a
810284831775085000,Sim,vítima
585506556986450000,Nao,n/a
805252884585648000,Nao,n/a
811552496284013000,Sim,relator
812461775287452000,Sim,vítima
820088916376162000,Sim,relator
821160423491862000,Sim,relator
801976033167770000,Sim,vítima
816626856816415000,Sim,bully
818274225832268000,Sim,relator
818080643846443000,Nao,n/a
811336393712603000,Sim,relator
800915298232705000,Nao,n/a
824630150524498000,Sim,relator
820461618647757000,Sim,vítima
817231947122492000,Sim,relator
807765310543720000,Sim,n/a
824426579728200000,Sim,relator
824758327708107000,Sim,relator
802507487832380000,Sim,vítima
817964911426994000,Sim,vítima
825006431552360000,Sim,vítima
812495617465471000,Sim,n/a
806977516506403000,Sim,relator
818249534044303000,Nao,n/a
804029158250652000,Nao,n/a
817732655395512000,Sim,vítima
804574146281828000,Sim,vítima
820234125252629000,Sim,vítima
800660642038448000,Sim,vítima
813917504493994000,Sim,vítima
816595896729092000,Sim,relator
820329333042643000,Sim,vítima
807309578656502000,Nao,n/a
821065288376525000,Sim,relator
812140288613421000,Nao,n/a
813905190357234000,Nao,n/a
824265246713987000,Sim,relator
819589759043510000,Sim,relator
819609653436936000,Sim,vítima
813924922414219000,Nao,n/a
811946714764607000,Sim,vítima
807903483496165000,Sim,relator
817849749978096000,Sim,vítima
824770327498596000,Nao,n/a
812085714586313000,Sim,vítima
813784294007206000,Sim,vítima
812090843670712000,Sim,vítima
804659062914896000,Nao,n/a
818901842881028000,Sim,relator
810595280437580000,Nao,n/a
820046404534104000,Sim,relator
812112039229477000,Nao,n/a
824610772034654000,Nao,n/a
814230420162220000,Sim,relator
802931927917494000,Sim,relator
815954196205748000,Sim,relator
806970245856510000,Sim,vítima
807347521999749000,Sim,vítima
807732063235346000,Nao,n/a
810312524700799000,Nao,n/a
820110108894134000,Sim,vítima
802316875325653000,Nao,n/a
821030829690331000,Sim,vítima
817951092831093000,Sim,vítima
819611586151219000,Sim,relator
809830996908638000,Sim,vítima
824760759418814000,Sim,relator
806971973008036000,Nao,n/a
804144836374831000,Nao,n/a
810193479389348000,Sim,vítima
809553455983509000,Sim,vítima
801958789104697000,Sim,relator
786706888503202000,Sim,relator
807964868334731000,Sim,relator
813122111631933000,Nao,n/a
820482012255584000,Sim,relator
819526986376823000,Nao,n/a
802527728633336000,Nao,n/a
806165256062075000,Sim,vítima
802637723106480000,Sim,vítima
800961229724394000,Nao,n/a
803201865588482000,Nao,n/a
818440817304019000,Nao,n/a
819275111777915000,Nao,n/a
819372717262705000,Sim,vítima
821562228738589000,Sim,bully
819609077131149000,Sim,relator
819558462086648000,Sim,vítima
807486806145073000,Nao,n/a
818414892583649000,Nao,n/a
802562658478080000,Sim,relator
800905867151507000,Sim,relator
800359436401320000,Nao,n/a
800394161715347000,Sim,vítima
812154009431773000,Sim,vítima
800475106795471000,Nao,n/a
800773573812036000,Sim,relator
801077675079111000,Sim,relator
800889185758388000,Sim,relator
813770902064300000,Sim,relator
816759478175592000,Nao,n/a
824729601037529000,Sim,n/a
810607245935440000,Sim,vítima
811743550354391000,Nao,n/a
817520593532842000,Nao,n/a
804151851658707000,Sim,relator
811781302382891000,Nao,n/a
817920838561399000,Nao,n/a
806998024257991000,Sim,bully
801651097727341000,Sim,relator
804399820580516000,Sim,vítima
812605513833837000,Nao,n/a
810594346915525000,Sim,vítima
824753831728792000,Sim,vítima
812305873590747000,Nao,n/a
804515045891801000,Nao,n/a
807374906539254000,Nao,n/a
809402474729718000,Sim,vítima
817134987245928000,Nao,n/a
807523283134464000,Nao,n/a
803227168151060000,Sim,relator
804568470218273000,Sim,relator
824690110071509000,Sim,relator
821180332623987000,Sim,vítima
814152790612345000,Sim,vítima
819634571042029000,Sim,vítima
801957546688967000,Nao,n/a
820338435336655000,Sim,relator
816662533809521000,Nao,n/a
824438133836095000,Sim,vítima
810505322234319000,Nao,n/a
813178929993449000,Sim,vítima
804683865356927000,Sim,vítima
818431595887595000,Nao,n/a
806944305298411000,Sim,relator
807001336332034000,Sim,relator
812904778460176000,Sim,vítima
807209350750150000,Nao,n/a
785288751236911000,Nao,n/a
816655423394709000,Sim,relator
807234633926644000,Sim,vítima
808140300694815000,Nao,n/a
824287828410569000,Sim,bully
820270820773741000,Nao,n/a
813942402557874000,Sim,bully
819584364136854000,Nao,n/a
821690651301610000,Sim,relator
800635813759504000,Nao,n/a
810265455080460000,Sim,relator
821002046119772000,Sim,relator
821395900945826000,Nao,n/a
758071016320930000,Nao,n/a
807293887039553000,Sim,relator
819587449437508000,Sim,relator
803187971637723000,Sim,relator
819594922097517000,Sim,relator
751644873493737000,Sim,vítima
818261371284574000,Nao,n/a
804416166957462000,Nao,n/a
824772647871476000,Nao,n/a
819923091593851000,Sim,relator
818298483060810000,Nao,n/a
810606422711013000,Sim,relator
807343484650852000,Nao,n/a
806994214693257000,Sim,relator
804533672305115000,Sim,vítima
824981811898044000,Sim,vítima
752153888615268000,Sim,relator
807676974248366000,Sim,relator
802189612290638000,Sim,relator
800796603250397000,Sim,relator
807435046391021000,Sim,relator
809257429464711000,Sim,n/a
824245256157807000,Sim,relator
803248980536726000,Sim,n/a
807994745318474000,Nao,n/a
802347781012615000,Nao,n/a
824033283352752000,Sim,bully
821091353350140000,Sim,relator
824447174624764000,Sim,relator
807978405262201000,Sim,n/a
802501989116641000,Nao,n/a
823344163190088000,Sim,vítima
824646484348072000,Nao,n/a
819610474849440000,Sim,relator
800487899259019000,Nao,n/a
802659104896356000,Sim,relator
814120796729840000,Nao,n/a
807001322860007000,Sim,relator
813821178674610000,Sim,n/a
809514574030504000,Sim,vítima
800749359071658000,Sim,vítima
801922175812960000,Nao,n/a
817882932509635000,Sim,vítima
818270585734173000,Sim,vítima
804599396281283000,Nao,n/a
824705268118389000,Sim,relator
821064965880685000,Sim,relator
812122209091256000,Sim,vítima
816333469211050000,Sim,relator
824273616036655000,Sim,relator
824387731946148000,Sim,relator
802129182067196000,Sim,relator
804010102130901000,Sim,relator
810227150611763000,Nao,n/a
811349203322630000,Sim,vítima
813064104831238000,Sim,bully
800745812632498000,Nao,n/a
819035195022180000,Sim,vítima
824287302784533000,Sim,relator
819361240879395000,Sim,n/a
819596935627735000,Nao,n/a
814088264562995000,Sim,vítima
811770830648656000,Nao,n/a
806519599399371000,Sim,vítima
824752667566158000,Sim,relator
818480578244788000,Nao,n/a
803289332530446000,Sim,relator
802676571828056000,Nao,n/a
820026077426938000,Sim,relator
819569147491316000,Sim,vítima
803329404155953000,Nao,n/a
819557912054002000,Sim,relator
817958427158807000,Sim,relator
814224969668370000,Sim,vítima
819330954699440000,Sim,relator
819026019952853000,Sim,relator
819007278758117000,Sim,vítima
812515065228391000,Nao,n/a
807414858710917000,Nao,n/a
812023473912553000,Sim,vítima
806166034617139000,Nao,n/a
818039710123749000,Sim,relator
800891817998877000,Nao,n/a
802562947809743000,Sim,vítima
812009632801681000,Sim,n/a
801760969953251000,Nao,n/a
819562073210425000,Sim,relator
824309026406236000,Nao,n/a
824750223171936000,Sim,n/a
824427409789313000,Sim,relator
797506038186541000,Nao,n/a
824284158138708000,Sim,relator
819645928877543000,Nao,n/a
812445356705378000,Nao,n/a
824821261293515000,Sim,relator
817506195342848000,Nao,n/a
824128891354808000,Nao,n/a
824384641377440000,Sim,relator
814122677975785000,Sim,n/a
808007978183967000,Sim,relator
821485870968672000,Sim,relator
816705957627626000,Sim,relator
821536143737033000,Sim,vítima
809694716916683000,Nao,n/a
819617420067426000,Sim,relator
813800561145512000,Nao,n/a
817522411956486000,Nao,n/a
816302394162156000,Nao,n/a
812228582340694000,Nao,n/a
808129761822278000,Sim,vítima
820045582987383000,Sim,relator
800895948167598000,Sim,vítima
816790039187358000,Sim,relator
816290217372041000,Nao,n/a
817922954138886000,Sim,n/a
813769902767166000,Sim,vítima
824761503404401000,Nao,n/a
806553588759691000,Sim,relator
802901127058616000,Sim,vítima
808352470921527000,Nao,n/a
819559095241998000,Nao,n/a
814159183671161000,Sim,bully
802132427309195000,Sim,vítima
819241846253748000,Sim,relator
809542123926258000,Sim,relator
808049034434900000,Nao,n/a
814129598476730000,Sim,relator
821045731393999000,Sim,relator
819559219821249000,Sim,relator
814091960990450000,Sim,bully
800848177188336000,Sim,relator
824079118073557000,Sim,vítima
811564893610643000,Nao,n/a
812491869498253000,Nao,n/a
808008732143657000,Nao,n/a
824348335255540000,Sim,relator
824082590529360000,Sim,vítima
805137363601072000,Sim,relator
817105946916823000,Sim,relator
821111914440823000,Sim,vítima
802098920071590000,Sim,vítima
801778731350102000,Nao,n/a
804476627648389000,Sim,vítima
811720234105180000,Nao,n/a
807757544345240000,Sim,relator
816726179906540000,Sim,relator
817553276421935000,Sim,vítima
811523416016700000,Sim,vítima
810218528846520000,Nao,n/a
801535768229540000,Sim,relator
820034622801252000,Sim,vítima
817714795029864000,Sim,vítima
800890748631732000,Sim,vítima
805127030849360000,Nao,n/a
810858197988901000,Sim,bully
800692818129932000,Sim,relator
800686100947812000,Nao,n/a
820095027804312000,Sim,relator
799631777711223000,Sim,relator
824495396118549000,Sim,relator
803055833131020000,Nao,n/a
818276263999734000,Sim,vítima
825044761845367000,Nao,n/a
821407556140667000,Sim,vítima
819275399448457000,Sim,vítima
807355938025964000,Sim,relator
809267165622845000,Sim,bully
692903225758974000,Sim,vítima
802499194841952000,Sim,relator
801997032101651000,Sim,relator
808069567180374000,Sim,n/a
813949076391793000,Sim,relator
817527142414160000,Sim,relator
804390136402285000,Sim,relator
800821820299604000,Sim,relator
819632737023885000,Sim,relator
824296712256782000,Sim,relator
816672891756573000,Sim,relator
808080623114027000,Sim,relator
800787511815508000,Sim,relator
819349552033628000,Nao,n/a
813862622072283000,Sim,relator
816412622081917000,Sim,n/a
818232256317784000,Nao,n/a
825042385344266000,Sim,vítima
809553160809353000,Sim,vítima
820812587713622000,Nao,n/a
824757016983904000,Sim,vítima
814173229485097000,Sim,vítima
809571066184081000,Sim,relator
804651054235320000,Nao,n/a
820708769147580000,Sim,relator
800166742123168000,Sim,vítima
812837499244609000,Nao,n/a
802086885199934000,Nao,n/a
802637088378081000,Nao,n/a
824353916557152000,Sim,vítima
804739635012321000,Sim,vítima
800415641026953000,Nao,n/a
812829212751041000,Sim,vítima
809489354661962000,Sim,vítima
824794277683294000,Sim,bully
816464355722220000,Sim,vítima
800838049202577000,Sim,vítima
820292332624888000,Sim,relator
812093371665809000,Sim,vítima
824428207806022000,Sim,relator
820293196999557000,Nao,n/a
807356660574462000,Nao,n/a
821416586913391000,Sim,vítima
812127127562834000,Sim,vítima
824336123958821000,Sim,relator
819491569724195000,Nao,n/a
809806835024888000,Sim,relator
800164681105215000,Nao,n/a
824324412816105000,Sim,vítima
806935658405183000,Sim,relator
824214356867088000,Nao,n/a
806591763720892000,Nao,n/a
820020223441064000,Nao,n/a
810502124710793000,Nao,n/a
824272227105444000,Sim,n/a
813883967753646000,Sim,vítima
812019456889262000,Sim,relator
810850237162160000,Sim,relator
816660151377789000,Sim,vítima
813928212392595000,Nao,n/a
812073721221566000,Sim,vítima
810578829072855000,Sim,vítima
817859002071679000,Sim,n/a
811982074852864000,Nao,n/a
808097422488597000,Sim,n/a
819636789233259000,Sim,relator
811332388550754000,Nao,n/a
803287266051424000,Nao,n/a
818598727367750000,Nao,n/a
810606120519745000,Nao,n/a
801941590168244000,Nao,n/a
816378391729312000,Nao,n/a
807924322455159000,Sim,vítima
810714756092981000,Nao,n/a
812091094158737000,Sim,n/a
820075360628961000,Nao,n/a
820420376505291000,Nao,n/a
807017641755841000,Sim,vítima
801161128336191000,Nao,n/a
813178575339880000,Nao,n/a
818294372169028000,Sim,relator
806134757776040000,Sim,vítima
824087539061506000,Sim,vítima
820078371971338000,Nao,n/a
824132938891674000,Sim,n/a
807384734959567000,Sim,relator
821076865775501000,Nao,n/a
824128182286746000,Sim,relator
807896993259549000,Sim,vítima
819256030878110000,Nao,n/a
807317672295862000,Sim,relator
816710631868895000,Nao,n/a
816706059398218000,Nao,n/a
824741386666799000,Nao,n/a
824678898764026000,Sim,vítima
821143243861660000,Nao,n/a
810271120658154000,Sim,vítima
819036751041852000,Sim,relator
824374561802256000,Sim,relator
802265823737971000,Sim,vítima
824768847861400000,Sim,n/a
821473056761725000,Sim,vítima
824916772138676000,Sim,relator
818202488843158000,Sim,vítima
812141043986604000,Sim,vítima
807043926343451000,Sim,bully
812372737012486000,Sim,vítima
811487552192528000,Sim,relator
807746056528269000,Sim,vítima
809561283649557000,Sim,n/a
811619565054607000,Sim,vítima
803351233532723000,Nao,n/a
817530075184775000,Sim,relator
810242599357399000,Sim,relator
814254290013475000,Nao,n/a
810719103698817000,Nao,n/a
812458319893987000,Sim,vítima
807360965880771000,Sim,vítima
818275277931422000,Sim,relator
802839796783714000,Sim,relator
807332853944087000,Sim,relator
821380526389006000,Sim,relator
824659025375662000,Sim,relator
824942893878088000,Nao,n/a
818233461391716000,Sim,relator
812542864689398000,Sim,bully
800506792254079000,Sim,relator
819689316427432000,Sim,vítima
803338182515458000,Sim,vítima
820401933420786000,Nao,n/a
800162004065522000,Nao,n/a
804412437588038000,Nao,n/a
819339670437974000,Nao,n/a
824850202120958000,Nao,n/a
798293478811767000,Sim,relator
812433769135309000,Sim,relator
802260143467614000,Nao,n/a
817030899959288000,Sim,relator
807842451620762000,Sim,relator
820064780379624000,Nao,n/a
816820954001277000,Nao,n/a
824776374145712000,Sim,n/a
806181130126946000,Sim,relator
812501024682308000,Sim,vítima
801033907340792000,Nao,n/a
818940482784854000,Sim,relator
821642452838793000,Nao,n/a
824949426145915000,Nao,n/a
820758838223794000,Nao,n/a
818108505139937000,Nao,n/a
813938565948305000,Nao,n/a
814034018907910000,Nao,n/a
818472470189642000,Nao,n/a
802164224512426000,Sim,relator
821549559029580000,Nao,n/a
824355847132352000,Nao,n/a
803283333488738000,Nao,n/a
806169423405052000,Nao,n/a
821172346119750000,Nao,n/a
821571468135924000,Sim,n/a
820818444589400000,Sim,bully
810203439531692000,Sim,vítima
802585316615918000,Sim,vítima
823539159633695000,Nao,n/a
802720949070078000,Sim,relator
813181178698232000,Sim,vítima
824791616300970000,Sim,relator
801115038320726000,Nao,n/a
807369154659549000,Sim,bully
812518340660986000,Sim,bully
807679965131112000,Sim,relator
807371350369304000,Nao,n/a
820437883299525000,Sim,vítima
820193746885218000,Nao,n/a
807699822744662000,Sim,vítima
696036363716686000,Nao,n/a
816749601483092000,Sim,relator
808078943714677000,Sim,relator
824761784783475000,Nao,n/a
825030986715058000,Sim,bully
813928834810647000,Sim,vítima
814131034166035000,Sim,relator
810639794317492000,Nao,n/a
802136859124109000,Nao,n/a
811725294621065000,Sim,relator
800836128592970000,Nao,n/a
824365767324004000,Sim,vítima
821471303446229000,Sim,relator
807319315074744000,Nao,n/a
811409738592354000,Nao,n/a
811745739990856000,Sim,relator
824834240751743000,Sim,vítima
800693807092298000,Sim,vítima
816337144935576000,Sim,vítima
801051862489133000,Sim,vítima
812437645481693000,Sim,relator
820341799499813000,Sim,relator
816291461352358000,Sim,relator
824278993524445000,Sim,relator
801955500514537000,Nao,n/a
819630494686056000,Sim,vítima
824778890837185000,Sim,relator
809752207562314000,Sim,vítima
812456848162951000,Sim,relator
807003330945880000,Nao,n/a
824447105632797000,Nao,n/a
819275643959595000,Sim,vítima
811761369557139000,Sim,relator
809393830214730000,Nao,n/a
817918508222845000,Sim,relator
821099933868716000,Sim,vítima
813081493186740000,Nao,n/a
817623053559624000,Nao,n/a
824429676957463000,Nao,n/a
821182331608252000,Sim,n/a
802305182482792000,Nao,n/a
812344266785694000,Sim,n/a
820053810014016000,Nao,n/a
814214876872720000,Sim,relator
809277054529090000,Nao,n/a
816777866016920000,Nao,n/a
808083961515741000,Nao,n/a
818984020516213000,Sim,vítima
821179441380553000,Sim,relator
812120787159319000,Sim,vítima
807028974647963000,Nao,n/a
807029501230256000,Nao,n/a
818127996615803000,Sim,vítima
525094179048030000,Nao,n/a
820039273034424000,Sim,relator
821485935523144000,Sim,vítima
800447656669516000,Nao,n/a
818442237201760000,Sim,vítima
812115408102818000,Nao,n/a
824240482867958000,Sim,relator
820053956911055000,Nao,n/a
816730485758054000,Nao,n/a
806616252038992000,Sim,vítima
810217522482020000,Sim,relator
808118488036508000,Sim,relator
820258314823107000,Nao,n/a
809509130662769000,Nao,n/a
813837499395179000,Sim,vítima
808117324146426000,Sim,n/a
820056986632987000,Nao,n/a
824366689424916000,Sim,relator
819097405794714000,Sim,vítima
805239623081402000,Nao,n/a
817507564443365000,Sim,vítima
800480667570205000,Sim,vítima
821147027908268000,Sim,vítima
819589450959323000,Sim,vítima
824467762953101000,Nao,n/a
806564362248921000,Nao,n/a
820798540821778000,Nao,n/a
819617348424528000,Sim,relator
817543904157438000,Sim,relator
816836811985224000,Nao,n/a
807984347571753000,Nao,n/a
824288377897972000,Sim,relator
806634402012922000,Sim,relator
814256006368784000,Nao,n/a
802919836959396000,Nao,n/a
820140385250976000,Nao,n/a
818064995489632000,Sim,n/a
813809074190086000,Sim,vítima
800530533772067000,Nao,n/a
818427468495327000,Nao,n/a
804013053004092000,Nao,n/a
807795783613432000,Sim,bully
819369020491174000,Sim,vítima
819563257518314000,Sim,relator
824982944783671000,Nao,n/a
809488781799784000,Sim,n/a
809564214788555000,Sim,relator
800194431437730000,Sim,relator
800672351889347000,Nao,n/a
810878362893845000,Sim,relator
824954975767896000,Nao,n/a
824859210450035000,Nao,n/a
807074050333966000,Sim,vítima
811725359758635000,Sim,relator
801952568146625000,Sim,vítima
811752511702991000,Sim,relator
819380467145261000,Sim,vítima
801173526610924000,Sim,vítima
814256456534999000,Nao,n/a
805276216492229000,Nao,n/a
821158470359679000,Sim,vítima
811321888362340000,Sim,relator
808070356485439000,Sim,relator
800771879820816000,Nao,n/a
804415614542451000,Nao,n/a
807944939028042000,Nao,n/a
807000238003290000,Sim,relator
821522050242187000,Sim,vítima
800753898076053000,Sim,vítima
803970780153397000,Sim,vítima
820446000863179000,Nao,n/a
801082942009254000,Sim,vítima
812323495346635000,Sim,vítima
803354665610019000,Sim,relator
811737179877769000,Sim,vítima
820393557089468000,Sim,relator
800863972912005000,Sim,relator
821094400625443000,Nao,n/a
819001174040912000,Nao,n/a
824271997123391000,Sim,relator
816882900079706000,Sim,relator
812670417135669000,Sim,vítima
824939329264943000,Sim,vítima
816613891732075000,Nao,n/a
806922118164255000,Sim,relator
819024709039878000,Sim,bully
816787929028764000,Sim,bully
814066898853831000,Sim,relator
800645991418491000,Sim,relator
803305997817156000,Nao,n/a
801726010613961000,Sim,vítima
807243352131465000,Sim,relator
824760086614651000,Sim,relator
802244813286441000,Nao,n/a
805261174325572000,Nao,n/a
811569010361979000,Nao,n/a
800160794025464000,Sim,relator
798023875200242000,Nao,n/a
816720400172405000,Nao,n/a
800460068277744000,Sim,vítima
820769215028281000,Sim,relator
808060589985636000,Sim,bully
801848908796269000,Sim,n/a
812667759234609000,Sim,n/a
812041821689971000,Sim,n/a
824302196535808000,Sim,relator
800903369200169000,Sim,vítima
819277949664903000,Sim,vítima
807446208398688000,Nao,n/a
816859546622771000,Sim,vítima
824355748738191000,Sim,relator
818221499710640000,Nao,n/a
824274026034065000,Sim,relator
807006467765178000,Nao,n/a
819573752493208000,Nao,n/a
824290562866082000,Nao,n/a
824692201087238000,Sim,vítima
813939546333258000,Sim,vítima
819584414275477000,Sim,relator
824299336280449000,Sim,vítima
820055309481865000,Sim,relator
818995960693096000,Sim,vítima
821110769530049000,Sim,vítima
824222803243266000,Sim,relator
821549103968559000,Sim,vítima
820237238604800000,Nao,n/a
824680021168161000,Sim,vítima
803333791536345000,Sim,vítima
824722005891121000,Sim,vítima
810314622326768000,Sim,relator
811746032681910000,Nao,n/a
819612606369563000,Sim,relator
824602523742904000,Sim,relator
800743864638329000,Nao,n/a
824465943799759000,Nao,n/a
802593768654389000,Nao,n/a
811604970667704000,Nao,n/a
819355251870409000,Nao,n/a
807387137133973000,Sim,vítima
818152461684867000,Sim,relator
817621058782188000,Sim,vítima
813904922970309000,Sim,relator
802317026626654000,Sim,relator
801640419067105000,Nao,n/a
817891926645080000,Sim,vítima
801838880366494000,Nao,n/a
818242256016671000,Nao,n/a
816712377097978000,Nao,n/a
808006164365578000,Nao,n/a
824766627426222000,Sim,relator
809412407873376000,Sim,relator
817845349796684000,Sim,vítima
821496664489947000,Sim,vítima
811577035067945000,Nao,n/a
824312110297522000,Sim,relator
818989556649357000,Nao,n/a
810841836675863000,Nao,n/a
820086005659275000,Nao,n/a
785146788005220000,Sim,relator
811740313521967000,Nao,n/a
820054339918135000,Sim,relator
802588330982457000,Sim,vítima
814022223338078000,Nao,n/a
807287939969520000,Nao,n/a
800465545090863000,Sim,vítima
824434951080776000,Nao,n/a
820020696801804000,Nao,n/a
820442838227948000,Sim,relator
824442638904525000,Sim,relator
811357995552666000,Nao,n/a
812348876120277000,Nao,n/a
807300621078499000,Nao,n/a
821111829262963000,Nao,n/a
801048166673977000,Nao,n/a
806589111914156000,Nao,n/a
812886225564664000,Sim,vítima
820062110562587000,Sim,relator
800512516346577000,Sim,relator
818294758112195000,Nao,n/a
802201977157456000,Sim,relator
807432905421156000,Sim,n/a
812413847197852000,Sim,vítima
820766576798470000,Nao,n/a
816624468449694000,Sim,vítima
820717574451265000,Sim,vítima
802912465927438000,Sim,bully
809529971580502000,Sim,vítima
817931720175604000,Sim,relator
807309718368748000,Nao,n/a
817845245736063000,Sim,vítima
818280005868339000,Sim,n/a
821118420154548000,Sim,relator
824160590918783000,Sim,vítima
812245851666076000,Sim,relator
811391974720803000,Sim,relator
814164953305322000,Nao,n/a
804010137656689000,Sim,relator
697233701348966000,Sim,relator
824636412909621000,Nao,n/a
821523086478557000,Sim,n/a
807358915331686000,Nao,n/a
806510776513102000,Sim,n/a
820423982155440000,Nao,n/a
806278331347960000,Sim,relator
800718023200010000,Nao,n/a
824607074642526000,Nao,n/a
816782487699472000,Sim,vítima
809507722269958000,Nao,n/a
816743001552814000,Sim,bully
809557740142101000,Sim,vítima
816455614629085000,Sim,vítima
820782633122730000,Sim,n/a
824839591618191000,Sim,vítima
812457864820298000,Sim,relator
806141846011396000,Sim,relator
802151691793695000,Nao,n/a
808799677219033000,Sim,relator
819578487518495000,Sim,relator
824753923584045000,Nao,n/a
812886662774739000,Nao,n/a
801740141370942000,Sim,relator
812306517873435000,Nao,n/a
810594891986309000,Nao,n/a
800790636639097000,Sim,relator
817869830850302000,Sim,vítima
800857965112590000,Sim,vítima
818999196439220000,Sim,relator
812134459550138000,Sim,vítima
816717180658127000,Sim,vítima
817598043214283000,Nao,n/a
821533990041616000,Sim,vítima
812064929276690000,Sim,relator
806634709438661000,Nao,n/a
821074180615574000,Sim,relator
818481270820917000,Sim,relator
812126861820129000,Nao,n/a
821520087060451000,Sim,vítima
817903861151203000,Nao,n/a
824339557743215000,Sim,relator
807259660239733000,Nao,n/a
824341616903279000,Nao,n/a
802319322035036000,Nao,n/a
810572258800497000,Sim,vítima
818293817220694000,Sim,vítima
803279492164764000,Nao,n/a
817856236993516000,Sim,vítima
820061854437351000,Sim,relator
816721244603253000,Sim,relator
810903999390032000,Sim,relator
820867677749178000,Nao,n/a
813969826779636000,Sim,vítima
821672879460938000,Nao,n/a
807921558857667000,Sim,relator
800521721593860000,Sim,relator
824230693463015000,Sim,relator
813974881733898000,Sim,vítima
817551508199899000,Nao,n/a
811419731815174000,Nao,n/a
807914640437117000,Sim,relator
819629139699372000,Nao,n/a
814192716737344000,Nao,n/a
813789074238611000,Nao,n/a
824936210531488000,Sim,vítima
819468697081381000,Sim,relator
801056570008306000,Sim,relator
804333742202483000,Sim,bully
818286330094424000,Nao,n/a
824305908914254000,Sim,relator
820065102955184000,Nao,n/a
820145386354541000,Nao,n/a
804144210530239000,Nao,n/a
800514737452806000,Nao,n/a
802678727058432000,Sim,relator
802220037658518000,Nao,n/a
819610534131732000,Nao,n/a
806618586131419000,Sim,relator
814199688064860000,Nao,n/a
810511407208919000,Nao,n/a
821556429995868000,Sim,vítima
820137928701674000,Sim,relator
812359562078601000,Nao,n/a
821385149338227000,Nao,n/a
766484391178691000,Sim,relator
816376654998053000,Sim,relator
818897866588561000,Sim,relator
804111144432661000,Nao,n/a
817577455410094000,Sim,relator
800476335055446000,Sim,relator
812385925703565000,Nao,n/a
808149039225172000,Nao,n/a
820375873111126000,Nao,n/a
824103976400523000,Sim,vítima
804711270943441000,Sim,vítima
807429027262824000,Sim,vítima
824814262203736000,Nao,n/a
810280116286853000,Sim,relator
801910820347245000,Nao,n/a
812365714749358000,Sim,relator
821399547637285000,Sim,vítima
814129547075613000,Sim,relator
806951299132506000,Sim,relator
802972374907765000,Nao,n/a
810836149744833000,Sim,relator
820056005971247000,Nao,n/a
816858406699078000,Sim,vítima
816361986036474000,Nao,n/a
820299391214883000,Sim,vítima
807755432269939000,Nao,n/a
812368020039410000,Sim,relator
787661579043086000,Nao,n/a
807432434711196000,Sim,vítima
811951801557721000,Sim,relator
824434882969555000,Sim,relator
818253102272881000,Nao,n/a
812020956856193000,Nao,n/a
810818545231741000,Nao,n/a
814181077480833000,Sim,bully
813817000564818000,Sim,relator
817856119427269000,Sim,relator
819352948589335000,Sim,relator
806545239955620000,Nao,n/a
804364031284888000,Sim,relator
804338583549203000,Nao,n/a
814075339588694000,Sim,vítima
810478133921153000,Sim,vítima
818150613657723000,Sim,relator
817844160891933000,Sim,relator
801871519517438000,Nao,n/a
801162638814220000,Nao,n/a
810285837682410000,Nao,n/a
817610621596406000,Sim,relator
806478898519298000,Sim,relator
770591562732560000,Nao,n/a
806542569362621000,Sim,relator
810705216689603000,Nao,n/a
803277957200429000,Nao,n/a
812120833124606000,Nao,n/a
817380684159390000,Nao,n/a
791114619351863000,Nao,n/a
814211540618506000,Sim,bully
821483264980505000,Sim,relator
820059945529934000,Sim,relator
820244276974129000,Sim,vítima
801146472767046000,Sim,vítima
810316893194224000,Sim,vítima
824428442427003000,Sim,vítima
808098179187167000,Nao,n/a
819400023486173000,Sim,relator
824252373665255000,Nao,n/a
808006846636290000,Nao,n/a
811417972422152000,Sim,n/a
800350561111392000,Nao,n/a
820491442137211000,Sim,vítima
820363276668301000,Sim,vítima
807740861601694000,Nao,n/a
817410290904076000,Nao,n/a
819012892716462000,Sim,vítima
820011876440560000,Nao,n/a
802642251243553000,Nao,n/a
824766400346673000,Sim,n/a
807349631873122000,Nao,n/a
800867094132888000,Sim,vítima
814157968702841000,Sim,relator
824373356111741000,Nao,n/a
801819177346630000,Sim,relator
808449315874152000,Nao,n/a
824778897925501000,Sim,relator
802494550979777000,Nao,n/a
824375267124724000,Nao,n/a
801182147205878000,Sim,vítima
804063254955885000,Sim,vítima
819583843598471000,Sim,relator
812486263446143000,Sim,bully
816530565100925000,Nao,n/a
820139020399378000,Nao,n/a
811945410524811000,Nao,n/a
811621197439992000,Sim,relator
813017912793514000,Nao,n/a
818056323271197000,Sim,relator
817528190050701000,Nao,n/a
817918123353444000,Nao,n/a
800657813668250000,Sim,vítima
806959871568527000,Nao,n/a
820090891075461000,Nao,n/a
824610134194262000,Sim,vítima
533726791228477000,Sim,vítima
812074711656071000,Sim,bully
811609973474136000,Sim,vítima
812115602718462000,Sim,bully
813988927778550000,Sim,relator
813058899922260000,Sim,vítima
807318146780689000,Sim,relator
801077367968043000,Nao,n/a
804652389143810000,Nao,n/a
821536335840342000,Sim,vítima
817751021929791000,Nao,n/a
813900847482622000,Sim,relator
807391492230750000,Nao,n/a
808085423272657000,Sim,relator
802095469866451000,Nao,n/a
816433940617658000,Nao,n/a
818273890065650000,Sim,relator
800176845828268000,Sim,relator
819202863507341000,Sim,bully
801747784990949000,Nao,n/a
819637841739256000,Sim,vítima
814213436980756000,Nao,n/a
811432614087328000,Sim,vítima
824319772938666000,Sim,relator
807264767647875000,Nao,n/a
814134303781163000,Sim,relator
820093731386835000,Nao,n/a
809457974167085000,Sim,n/a
806623830089273000,Nao,n/a
819105208189985000,Nao,n/a
802144296946299000,Sim,vítima
811623320856760000,Sim,relator
816768215015690000,Nao,n/a
809236346380415000,Sim,vítima
804517694246687000,Nao,n/a
819580344651444000,Sim,relator
800989659153076000,Nao,n/a
817564516116468000,Sim,bully
820416013724516000,Nao,n/a
800809318425784000,Nao,n/a
824718254849610000,Sim,bully
819229334535864000,Sim,bully
810249470655000000,Nao,n/a
805410947678486000,Nao,n/a
821149285765054000,Nao,n/a
821570270502732000,Sim,relator
808178336639963000,Nao,n/a
819999462005309000,Nao,n/a
804477174954754000,Sim,n/a
818290393825640000,Sim,vítima
803302625559085000,Sim,bully
800377725441737000,Nao,n/a
819597815596847000,Sim,relator
810302708880175000,Sim,vítima
805123757106991000,Sim,relator
824317263213892000,Sim,relator
800424476752028000,Nao,n/a
811979711207371000,Sim,relator
812066641576165000,Sim,bully
800552059812463000,Sim,relator
821502415082049000,Sim,relator
801914599796773000,Sim,n/a
806142389823926000,Sim,relator
802247806471770000,Nao,n/a
806633291159892000,Sim,bully
803354598492795000,Sim,n/a
820460194060759000,Sim,relator
820040699643130000,Sim,relator
817512615777890000,Sim,relator
801766333377630000,Sim,n/a
820072910110999000,Sim,relator
806628176688534000,Sim,vítima
819623879123538000,Sim,relator
821492441924731000,Sim,vítima
811758987926504000,Nao,n/a
817539588503851000,Sim,relator
820314658871673000,Nao,n/a
813072512338772000,Nao,n/a
816334894397788000,Sim,vítima
821177399052223000,Nao,n/a
806142081005715000,Nao,n/a
813914701558141000,Sim,vítima
819572094547755000,Sim,relator
800422112842359000,Nao,n/a
801142564237803000,Nao,n/a
819591968166707000,Sim,relator
807583128147661000,Nao,n/a
802577723663282000,Sim,n/a
807007425677103000,Sim,vítima
804144945158308000,Nao,n/a
819628240394482000,Sim,relator
804464799220400000,Sim,vítima
806173675720413000,Nao,n/a
820392292078993000,Sim,relator
820802782689161000,Sim,relator
824928349147505000,Nao,n/a
801144913488474000,Sim,vítima
803722857192784000,Sim,vítima
818240916452442000,Nao,n/a
811612679718797000,Sim,n/a
818975620847825000,Sim,relator
811978133033353000,Nao,n/a
812331374468334000,Nao,n/a
816590185026749000,Nao,n/a
810164672607519000,Sim,n/a
824772876385604000,Nao,n/a
821099147264672000,Sim,vítima
819579988349452000,Sim,relator
824266723650110000,Sim,relator
824378449280254000,Nao,n/a
821152786733670000,Sim,vítima
800645992290849000,Sim,relator
800827066446844000,Nao,n/a
816513442320413000,Sim,vítima
813803508877160000,Nao,n/a
807732194613531000,Sim,n/a
800899323722605000,Sim,relator
802122748784996000,Nao,n/a
802573153952236000,Sim,vítima
818986904930685000,Sim,vítima
819008471295201000,Sim,relator
802629051294896000,Nao,n/a
824855224992965000,Nao,n/a
804429076689629000,Sim,relator
817406861360169000,Sim,n/a
824938264209535000,Nao,n/a
821023919075455000,Sim,vítima
802943643061485000,Sim,vítima
817711603307127000,Nao,n/a
808043142360564000,Nao,n/a
824644458776056000,Sim,relator
824423947127181000,Sim,relator
804728254418526000,Nao,n/a
810224945787732000,Sim,vítima
816686706573406000,Nao,n/a
801799733899653000,Sim,relator
814000621384856000,Sim,relator
804009549279719000,Sim,relator
820329490391986000,Nao,n/a
817934172870296000,Sim,vítima
803264204715205000,Sim,n/a
804500257858011000,Nao,n/a
824702334819303000,Sim,bully
802141745349849000,Nao,n/a
818999094886756000,Sim,n/a
820322303745606000,Sim,relator
820056335727333000,Nao,n/a
817024271226696000,Sim,relator
817921466083791000,Sim,relator
824102912838291000,Sim,bully
824299491905983000,Sim,vítima
806681096528294000,Sim,n/a
816665431431844000,Sim,vítima
820303786669281000,Sim,relator
818995781533307000,Sim,relator
800543098988364000,Nao,n/a
812134203475317000,Sim,relator
824475317377065000,Sim,relator
807095507621249000,Nao,n/a
801768059082047000,Nao,n/a
820434137945412000,Nao,n/a
819335358148120000,Sim,relator
813057733645791000,Nao,n/a
816411404500664000,Nao,n/a
817737736098644000,Sim,vítima
802115395507384000,Sim,relator
819576667421164000,Sim,relator
820502066594456000,Nao,n/a
820102693150741000,Sim,relator
816793696201015000,Nao,n/a
823314383828898000,Sim,vítima
818235879634465000,Sim,relator
824794488258314000,Nao,n/a
798193962557112000,Nao,n/a
816292013712831000,Sim,vítima
807990267659874000,Sim,n/a
802227257225974000,Sim,n/a
824769764815958000,Nao,n/a
820844530186514000,Sim,relator
819651135837536000,Sim,relator
812409396689048000,Sim,bully
824760358602736000,Sim,relator
806227797358289000,Nao,n/a
818204740802716000,Sim,relator
821540415459492000,Sim,relator
817385946891088000,Nao,n/a
810679077329916000,Sim,vítima
810550840146756000,Sim,vítima
800710384734929000,Nao,n/a
820335168414188000,Sim,vítima
801164807294489000,Sim,relator
817186275220476000,Sim,vítima
820492697924465000,Sim,bully
800925808927896000,Sim,relator
819373355866477000,Sim,bully
809437644644033000,Nao,n/a
802212453073424000,Sim,relator
824387060165448000,Sim,n/a
824916334911877000,Sim,relator
812116148649136000,Sim,relator
824615152557429000,Sim,relator
811708585667334000,Nao,n/a
821031357937832000,Sim,relator
800477429420753000,Nao,n/a
812440389454074000,Sim,relator
801772414791283000,Sim,vítima
800792445352976000,Sim,vítima
819281569168900000,Nao,n/a
820930490664358000,Sim,vítima
820317837994717000,Sim,vítima
800551602373427000,Sim,relator
810349989918609000,Nao,n/a
820313772036424000,Nao,n/a
820962427936375000,Nao,n/a
812256096450646000,Nao,n/a
824772291418534000,Sim,relator
812659578512896000,Sim,relator
820010093672600000,Sim,n/a
818165044739527000,Nao,n/a
812286893782159000,Nao,n/a
812370987996086000,Nao,n/a
806508765222699000,Nao,n/a
824601151186305000,Nao,n/a
824696010861601000,Sim,vítima
813826067916095000,Sim,relator
808097292293120000,Nao,n/a
801943646757093000,Sim,relator
812464825641083000,Sim,vítima
821544998797775000,Nao,n/a
810244848859091000,Nao,n/a
806619527710724000,Nao,n/a
817521211748000000,Sim,vítima
806900122911064000,Nao,n/a
814202380107547000,Sim,vítima
824753847566492000,Sim,bully
811709853349638000,Sim,relator
818638199446708000,Nao,n/a
813845500659139000,Sim,vítima
816833732380361000,Nao,n/a
820135151745253000,Sim,relator
811626426197799000,Sim,relator
820026560757514000,Nao,n/a
817551736449602000,Nao,n/a
442756078254584000,Sim,n/a
802735315681047000,Nao,n/a
812296379842384000,Sim,bully
816656427049742000,Sim,vítima
816346230905340000,Sim,vítima
801097330984415000,Nao,n/a
810266028101997000,Sim,vítima
819327967159521000,Sim,bully
820056740867834000,Sim,relator
817521990391231000,Nao,n/a
818994470041612000,Sim,bully
818094941448585000,Nao,n/a
821179212086252000,Sim,n/a
820250643638190000,Sim,relator
807656310309351000,Sim,relator
810470087119540000,Nao,n/a
807384083714241000,Nao,n/a
810650562337313000,Sim,n/a
804636161994060000,Sim,relator
824312913892639000,Nao,n/a
809516101797347000,Sim,bully
808191427263857000,Nao,n/a
824919538479280000,Nao,n/a
802169614004265000,Sim,vítima
820416736755384000,Sim,vítima
819560762679165000,Sim,n/a
820346932900098000,Sim,relator
824631345586536000,Sim,relator
807387964678488000,Sim,relator
824949321833525000,Nao,n/a
804526147270754000,Sim,vítima
821047597360157000,Sim,n/a
805390771830583000,Nao,n/a
812499817997935000,Sim,bully
817839040665973000,Sim,vítima
810637972840260000,Nao,n/a
802816189831479000,Nao,n/a
806971242410635000,Sim,vítima
819955516508094000,Nao,n/a
817421955263595000,Nao,n/a
801914116185199000,Sim,relator
813772686497370000,Nao,n/a
812329883573567000,Nao,n/a
809466861016400000,Sim,relator
800767206783091000,Nao,n/a
802710895935689000,Nao,n/a
801646643166741000,Sim,vítima
802119977096647000,Nao,n/a
812127147615719000,Sim,relator
820494483066392000,Nao,n/a
811752797574025000,Nao,n/a
824666228803441000,Sim,relator
776229200927883000,Sim,n/a
802901117738828000,Nao,n/a
814090578518573000,Sim,relator
824948717644046000,Nao,n/a
819356172792856000,Sim,relator
807153923337421000,Nao,n/a
824774933813269000,Sim,relator
816748409495360000,Sim,vítima
800729451822776000,Nao,n/a
816855735128756000,Sim,n/a
811616825976979000,Nao,n/a
804426963863699000,Sim,relator
817903311433138000,Sim,relator
801060630815969000,Sim,relator
810638849789587000,Sim,vítima
802142828398866000,Sim,vítima
812253427174670000,Sim,vítima
817367385816658000,Nao,n/a
819590551137882000,Sim,relator
817557856832680000,Nao,n/a
800202101641085000,Sim,vítima
820822291831525000,Nao,n/a
803410517566099000,Nao,n/a
811366969291194000,Sim,n/a
824108250845086000,Sim,relator
821123988634091000,Nao,n/a
808063840218993000,Sim,bully
820057342557426000,Sim,relator
819619133348315000,Sim,relator
824225127072154000,Nao,n/a
807435321008853000,Sim,bully
812141951483085000,Nao,n/a
812010365869576000,Sim,vítima
824323293574549000,Sim,relator
820055935917892000,Sim,relator
816368622830580000,Sim,bully
806957169878987000,Nao,n/a
811724684798689000,Sim,relator
819482762134651000,Sim,bully
820830026333618000,Sim,vítima
809630133355160000,Sim,vítima
807661164121338000,Nao,n/a
818095144507470000,Sim,vítima
800892930504479000,Sim,vítima
802555611657437000,Sim,vítima
804148878127890000,Nao,n/a
813939913888514000,Sim,n/a
813956110692614000,Sim,vítima
824778502683624000,Sim,vítima
802531308236837000,Sim,vítima
819250981644989000,Sim,relator
801947053928628000,Sim,relator
801813293224624000,Sim,vítima
811894663548440000,Nao,n/a
804438772934791000,Sim,vítima
803218275110977000,Sim,n/a
820055875763270000,Nao,n/a
810349306872001000,Sim,vítima
816657304879858000,Nao,n/a
819627149422428000,Sim,relator
802572566003122000,Sim,n/a
810867775635882000,Nao,n/a
807359118315024000,Sim,relator
802568321295991000,Sim,vítima
819547660449366000,Sim,bully
810658081478767000,Sim,bully
812889492885569000,Nao,n/a
803060887804322000,Nao,n/a
802331857589338000,Nao,n/a
804013104275329000,Sim,relator
803225765953307000,Nao,n/a
814255653866730000,Nao,n/a
820083397326475000,Sim,relator
802356907142947000,Nao,n/a
800762909152412000,Nao,n/a
824592328035803000,Sim,vítima
801864082920014000,Sim,vítima
820400124904014000,Sim,relator
801925167345791000,Nao,n/a
800163684978934000,Sim,vítima
804456803727790000,Sim,relator
814243942854197000,Nao,n/a
804545391593136000,Nao,n/a
800813240544596000,Sim,vítima
809577617984721000,Nao,n/a
820041849847026000,Nao,n/a
801797187260793000,Nao,n/a
800955878597951000,Sim,n/a
803250377370046000,Sim,relator
817763792415293000,Nao,n/a
803026431001395000,Sim,relator
824431416968634000,Sim,relator
812440377332498000,Sim,vítima
814135176527749000,Sim,relator
800888065187316000,Sim,relator
820350988825612000,Sim,vítima
816807092120076000,Nao,n/a
805441450955653000,Sim,bully
810601667016229000,Nao,n/a
824803911940919000,Nao,n/a
814225026484412000,Sim,relator
824439092532355000,Nao,n/a
800783514513896000,Nao,n/a
821545858252571000,Sim,vítima
805267561290039000,Nao,n/a
810722187103629000,Nao,n/a
803969195079766000,Nao,n/a
802670794883105000,Nao,n/a
810304118753464000,Sim,vítima
807352532871893000,Nao,n/a
824330332761682000,Sim,vítima
819597621287387000,Sim,relator
812008430416306000,Nao,n/a
824693319028670000,Nao,n/a
819591915507249000,Sim,vítima
821093306268615000,Sim,vítima
801626655638909000,Sim,vítima
801934796196811000,Sim,vítima
809608241332322000,Sim,vítima
807809992715882000,Nao,n/a
802161396129612000,Nao,n/a
809376974791655000,Nao,n/a
803091159233036000,Sim,relator
803220807430406000,Sim,n/a
821377630729544000,Sim,n/a
821090177158419000,Nao,n/a
801047236918604000,Nao,n/a
810198409839788000,Sim,bully
824317655289070000,Sim,relator
821150832125211000,Sim,n/a
808101511750451000,Sim,relator
817256547667493000,Sim,relator
801775169777893000,Nao,n/a
811909834777956000,Sim,relator
800373898315530000,Sim,relator
820067234487931000,Nao,n/a
804696749042528000,Nao,n/a
807798415346323000,Nao,n/a
821057265025348000,Sim,bully
817372531237777000,Sim,relator
819248679529939000,Sim,relator
821562720529109000,Sim,n/a
821135812410692000,Sim,vítima
819412852415074000,Sim,vítima
801972796561752000,Nao,n/a
816700478889329000,Nao,n/a
809722805512180000,Sim,vítima
804412150475358000,Sim,vítima
802685440579043000,Sim,bully
813786802775609000,Sim,n/a
801763677389066000,Sim,relator
806500393853342000,Sim,relator
812407480559014000,Sim,relator
824767206730904000,Sim,vítima
824691017635004000,Sim,relator
825013770221138000,Sim,relator
818250023028871000,Sim,relator
817915503935099000,Sim,vítima
817935006752473000,Sim,relator
802385082308788000,Sim,relator
802963046410822000,Sim,relator
694722253469127000,Sim,n/a
817874958844101000,Sim,n/a
824245523636961000,Nao,n/a
812287556582834000,Sim,relator
819586548098273000,Sim,vítima
820963814975951000,Sim,vítima
814218448494531000,Sim,relator
819579773626307000,Sim,vítima
824757263265055000,Sim,relator
824076161483501000,Sim,relator
807322738545271000,Sim,vítima
807561913236333000,Sim,vítima
824988407432610000,Sim,vítima
810214671890481000,Nao,n/a
824805176322171000,Sim,vítima
819560003539530000,Sim,relator
801530356235194000,Sim,vítima
813947906730422000,Sim,n/a
820979475647177000,Sim,relator
809495381893644000,Nao,n/a
805372085140918000,Nao,n/a
820287607238173000,Sim,relator
820783485912777000,Sim,relator
802287176327295000,Sim,n/a
811423056983954000,Sim,vítima
811276950954275000,Sim,relator
802844429027525000,Sim,relator
816386867608322000,Nao,n/a
814262358759641000,Nao,n/a
812002647146373000,Nao,n/a
809792675318759000,Sim,relator
806929468216529000,Sim,bully
820770280398328000,Nao,n/a
804432072748110000,Sim,vítima
812015011988173000,Nao,n/a
821125170706387000,Sim,vítima
800505846685962000,Sim,vítima
810888547414737000,Sim,relator
806601879278920000,Nao,n/a
806623978844541000,Sim,n/a
800166001937699000,Sim,bully
820779017112552000,Sim,n/a
819565629015527000,Sim,relator
820434873903149000,Sim,relator
818420663627170000,Sim,vítima
800844328511873000,Nao,n/a
820838872062030000,Sim,vítima
821554194624746000,Sim,vítima
819165641529840000,Sim,vítima
807383084328948000,Sim,bully
816354534578684000,Sim,relator
818991478705889000,Sim,relator
810587484665086000,Sim,relator
811746338404712000,Nao,n/a
819327837379371000,Nao,n/a
803997183812964000,Sim,relator
816706590652952000,Nao,n/a
806182074302529000,Nao,n/a
812424167366791000,Sim,relator
824424834742583000,Sim,relator
807007084231410000,Sim,relator
818454009828745000,Nao,n/a
820059607649358000,Sim,relator
818993334530216000,Nao,n/a
812061847155343000,Sim,relator
821084558963708000,Sim,relator
807784357742133000,Nao,n/a
802107674854887000,Sim,n/a
819602678741406000,Sim,relator
820172115030721000,Sim,vítima
816356805152539000,Sim,vítima
821370497497764000,Sim,vítima
804390273539305000,Sim,relator
824669978972615000,Sim,relator
819559088405234000,Sim,relator
811996477342024000,Sim,relator
812498605495976000,Sim,vítima
817909565702414000,Sim,bully
820035945709928000,Sim,relator
819273747999969000,Sim,relator
818251386932511000,Sim,vítima
820081345321988000,Sim,relator
812009258464244000,Sim,vítima
811729682148246000,Nao,n/a
816712980121453000,Sim,relator
800491200780321000,Sim,bully
803199261156340000,Sim,relator
803251886082167000,Sim,relator
804147775504007000,Nao,n/a
820075615017693000,Sim,vítima
812692376305209000,Sim,relator
821101355603493000,Nao,n/a
804441961209860000,Nao,n/a
807031030200893000,Sim,bully
805452082828476000,Nao,n/a
824211731417338000,Sim,vítima
810772534081819000,Nao,n/a
806980657406579000,Nao,n/a
807992604516356000,Sim,n/a
700916294909108000,Sim,relator
816712142485389000,Sim,relator
824266058332783000,Sim,relator
816850833069449000,Sim,relator
807257095166829000,Sim,n/a
800677449143112000,Sim,vítima
800724467966218000,Sim,bully
800193910215742000,Nao,n/a
800486858962731000,Sim,relator
808512756391494000,Nao,n/a
809463875187909000,Nao,n/a
824328477541286000,Sim,relator
819634198311031000,Sim,relator
811332438496580000,Sim,vítima
825005426622210000,Sim,vítima
823601128730489000,Nao,n/a
801640500210135000,Sim,relator
818194527227957000,Sim,vítima
800681525570400000,Sim,bully
804048442741969000,Nao,n/a
807415148881265000,Sim,relator
816299517133881000,Sim,vítima
814065533935092000,Nao,n/a
802606590574596000,Sim,relator
800778978457883000,Nao,n/a
819606463471645000,Nao,n/a
811408073831186000,Nao,n/a
802941773563757000,Sim,relator
811895556482200000,Nao,n/a
803082231795352000,Nao,n/a
809724218401288000,Sim,bully
819592728937959000,Sim,relator
818993577187537000,Sim,relator
821653585482187000,Sim,relator
824375581898838000,Sim,bully
824753481013744000,Sim,bully
801039693043339000,Nao,n/a
824480945927553000,Sim,vítima
816776234428465000,Sim,relator
803278325930046000,Nao,n/a
803259350634480000,Sim,relator
800753062256189000,Sim,relator
824747036885058000,Sim,bully
803247926323581000,Nao,n/a
812126970419020000,Sim,relator
814086243537617000,Sim,relator
810880399106830000,Nao,n/a
817397865395974000,Sim,relator
811342446412136000,Nao,n/a
808059262446568000,Nao,n/a
824346717642510000,Sim,relator
808131801965330000,Nao,n/a
821690049859375000,Sim,relator
812527353557566000,Nao,n/a
819569297135637000,Sim,relator
812693010957865000,Sim,vítima
807584104225145000,Nao,n/a
802880623178293000,Sim,n/a
819623322279440000,Nao,n/a
824660341883806000,Sim,relator
814121278537875000,Sim,bully
824436967291117000,Sim,relator
820846951541383000,Sim,relator
813870792039612000,Sim,vítima
812022429203763000,Nao,n/a
800396146669744000,Sim,relator
818310031242305000,Sim,vítima
800875229832692000,Sim,bully
802653550627132000,Sim,bully
820087228550386000,Sim,relator
811743788465091000,Sim,vítima
820979332386591000,Sim,relator
801976840596427000,Nao,n/a
824357334830944000,Sim,relator
804504688213324000,Nao,n/a
802217731667923000,Nao,n/a
825008242128462000,Nao,n/a
812014031108182000,Nao,n/a
809745871298556000,Nao,n/a
808061625169220000,Sim,relator
817184245357642000,Sim,relator
819338959604089000,Sim,vítima
800505860506038000,Sim,relator
810496052197519000,Sim,bully
801761710495433000,Nao,n/a
816862417170952000,Sim,vítima
803994322236535000,Nao,n/a
801868456777961000,Sim,n/a
774071471182193000,Nao,n/a
821485659990950000,Sim,relator
11515051026,Nao,n/a
808080903549419000,Nao,n/a
808094399192322000,Sim,relator
809806553536729000,Sim,relator
803340146112426000,Sim,relator
804515580204220000,Sim,n/a
820060457268630000,Sim,relator
801038624233918000,Sim,bully
802745380836282000,Sim,relator
824762785989018000,Sim,vítima
812865152961888000,Sim,bully
806521167368622000,Nao,n/a
824727025827062000,Sim,vítima
801619182789992000,Sim,relator
812099349350122000,Sim,n/a
807933267378893000,Nao,n/a
824760465221943000,Nao,n/a
821086594035761000,Sim,relator
810839215860810000,Sim,relator
800864309643350000,Nao,n/a
821521150899605000,Sim,relator
821582984272892000,Sim,bully
819593268224782000,Sim,relator
800775286023397000,Nao,n/a
813963427844673000,Nao,n/a
785539508381094000,Sim,relator
824258047715512000,Sim,relator
800860319967052000,Sim,relator
808383424985592000,Nao,n/a
817754187899474000,Nao,n/a
804453647249707000,Nao,n/a
811577213057438000,Nao,n/a
810597272295801000,Nao,n/a
800681036736828000,Nao,n/a
809512505110397000,Sim,bully
801938904505090000,Sim,n/a
819016692475056000,Sim,n/a
821532985082212000,Sim,relator
802379085523681000,Sim,vítima
799398709146636000,Sim,relator
810855408583766000,Sim,relator
802645108634120000,Sim,relator
821081063766245000,Sim,vítima
819513657033900000,Sim,relator
807994332624130000,Nao,n/a
824938029781483000,Nao,n/a
804544178042638000,Sim,vítima
802599909119508000,Sim,bully
824779014778790000,Sim,vítima
818291838025138000,Sim,relator
811921010907841000,Sim,vítima
807762302544056000,Nao,n/a
824083777299354000,Sim,n/a
808115397832638000,Sim,relator
817558804158186000,Sim,vítima
803985784139383000,Sim,vítima
824686230898086000,Sim,relator
812685595826864000,Nao,n/a
821014685537419000,Sim,n/a
802344352269771000,Sim,relator
817957208646447000,Sim,relator
810344303742558000,Nao,n/a
811733678896325000,Sim,vítima
806151662268281000,Sim,vítima
821009432473727000,Sim,vítima
817600898285310000,Sim,relator
821527110074384000,Sim,vítima
810211400853365000,Sim,vítima
818121156930761000,Sim,vítima
802323618042704000,Sim,vítima
812701328178905000,Sim,vítima
810656393900528000,Nao,n/a
820721954495889000,Sim,bully
824615746651222000,Sim,relator
824856765086921000,Sim,vítima
784950645266735000,Nao,n/a
811720164433654000,Nao,n/a
820060964481598000,Sim,vítima
819339185668682000,Nao,n/a
812158416621883000,Sim,n/a
823366599457509000,Nao,n/a
819637838157324000,Sim,relator
817404764703126000,Sim,n/a
816266905841443000,Sim,bully
801937386162848000,Nao,n/a
818297654904033000,Nao,n/a
819587133426037000,Sim,relator
806904750662939000,Sim,vítima
804414769092432000,Sim,relator
819362677025808000,Sim,vítima
817575121833591000,Sim,vítima
800640403586294000,Sim,relator
812069998160122000,Nao,n/a
819200651460755000,Sim,relator
807995305484493000,Nao,n/a
816651902335222000,Nao,n/a
809424715190333000,Sim,relator
811966335416668000,Sim,vítima
817538877619667000,Nao,n/a
813851807105565000,Sim,relator
816710298044342000,Sim,vítima
809454159552541000,Sim,bully
807971141214150000,Sim,n/a
807189403256914000,Nao,n/a
803291282776949000,Sim,relator
809424655631221000,Nao,n/a
816391107844129000,Sim,n/a
816299380135383000,Sim,relator
825005491017355000,Sim,bully
817499163562836000,Nao,n/a
814153129944027000,Sim,relator
820471757245129000,Sim,vítima
810803240866607000,Sim,n/a
807755491401142000,Sim,vítima
824287748622352000,Sim,relator
800841091641700000,Nao,n/a
824085447701832000,Sim,relator
824659647843934000,Sim,relator
801836372210360000,Sim,relator
819567832115675000,Sim,relator
814145653567799000,Sim,vítima
804453165865333000,Sim,n/a
819543194966888000,Sim,relator
817919055524926000,Sim,relator
804565363107201000,Sim,relator
803023685355344000,Sim,n/a
809255082944512000,Nao,n/a
804613174150500000,Sim,vítima
802679953611522000,Nao,n/a
800520879922938000,Nao,n/a
812061397492396000,Sim,vítima
801787033710657000,Sim,vítima
817504233499009000,Nao,n/a
824791312968872000,Nao,n/a
809533417025077000,Nao,n/a
810872170498900000,Nao,n/a
820834709638943000,Sim,bully
800753362094395000,Nao,n/a
819284076272161000,Sim,bully
810665050876838000,Sim,bully
806953275341865000,Nao,n/a
811631487808311000,Sim,relator
801013254067814000,Nao,n/a
819595453935317000,Sim,relator
802649488426812000,Nao,n/a
806217728927433000,Nao,n/a
812858093528813000,Nao,n/a
817542846454571000,Sim,relator
806211343179285000,Sim,relator
816587966000857000,Nao,n/a
819584948533334000,Sim,relator
804662141827613000,Sim,relator
823603820504748000,Nao,n/a
812693404022755000,Sim,relator
800681478715744000,Nao,n/a
801426101998338000,Sim,relator
821075490358305000,Sim,relator
819297335138206000,Nao,n/a
816664400551670000,Sim,vítima
806954487885787000,Nao,n/a
808145132486820000,Sim,relator
824966724487373000,Nao,n/a
824755510272471000,Nao,n/a
807910374100050000,Nao,n/a
810931769381966000,Sim,relator
816796783074480000,Nao,n/a
800780902880182000,Sim,n/a
802090457761272000,Nao,n/a
810638310280458000,Sim,relator
818677886299345000,Nao,n/a
813756736398131000,Sim,n/a
823987344978088000,Nao,n/a
802262353404424000,Sim,n/a
811801394395185000,Sim,bully
803974603508945000,Nao,n/a
812040665848836000,Sim,vítima
813942286673396000,Nao,n/a
803302247203488000,Sim,vítima
801951865114165000,Sim,relator
813072994906083000,Sim,relator
818189672954425000,Sim,n/a
811411945643459000,Sim,vítima
819611433642185000,Sim,relator
802682247954448000,Sim,relator
812826735087649000,Sim,n/a
824771537081364000,Nao,n/a
807021078480462000,Sim,vítima
810830015499739000,Nao,n/a
801005879374021000,Sim,relator
824744256652923000,Nao,n/a
810769772505862000,Sim,relator
819280934289678000,Sim,relator
800526042154812000,Sim,n/a
820817356272193000,Nao,n/a
824419817847452000,Sim,relator
806595597755175000,Nao,n/a
813930072239436000,Sim,vítima
800549605603676000,Sim,vítima
800505714976424000,Sim,n/a
802345890556051000,Sim,relator
824226856278823000,Sim,n/a
819184616221397000,Sim,n/a
814218889387278000,Sim,relator
817916954971357000,Sim,n/a
811564156780483000,Nao,n/a
801022332060004000,Nao,n/a
807004678093500000,Sim,relator
800441998360465000,Sim,vítima
810611006615552000,Sim,n/a
802489955159277000,Nao,n/a
803967848230089000,Sim,n/a
807255440602124000,Sim,relator
821481096869216000,Sim,vítima
806928246856004000,Nao,n/a
803253954155082000,Sim,vítima
801944328453128000,Sim,vítima
804012782387663000,Nao,n/a
824479938518585000,Nao,n/a
816739862124593000,Sim,relator
816856821763809000,Nao,n/a
825042617813594000,Nao,n/a
814139635035206000,Sim,vítima
819237472622301000,Nao,n/a
820756888052703000,Sim,relator
820076670623384000,Sim,n/a
817604930877919000,Sim,vítima
818124745275306000,Sim,relator
800515158187524000,Sim,vítima
824694580234907000,Sim,vítima
824774071699272000,Sim,vítima
812312222760338000,Sim,relator
816765388478366000,Sim,relator
807333056537301000,Sim,relator
820006986528002000,Sim,relator
802512407063101000,Nao,n/a
811374014534914000,Nao,n/a
802980234240856000,Sim,n/a
821141779202376000,Sim,relator
806577277668573000,Nao,n/a
820730335705125000,Sim,vítima
801965783639212000,Sim,bully
802622647150453000,Sim,vítima
804658264562606000,Nao,n/a
806598372547240000,Nao,n/a
824256876762239000,Sim,vítima
807185540747497000,Nao,n/a
807449366537654000,Sim,vítima
806551904004297000,Sim,vítima
807555465408377000,Nao,n/a
770342020661539000,Nao,n/a
819638184187466000,Sim,relator
802189002652656000,Nao,n/a
818453090928042000,Nao,n/a
820060066879570000,Sim,relator
820428575589433000,Sim,vítima
820434417206301000,Sim,vítima
807456145703141000,Sim,vítima
801070755114910000,Nao,n/a
820402126224585000,Nao,n/a
811758517572997000,Nao,n/a
821100370680222000,Nao,n/a
819339460961825000,Sim,vítima
809772089670566000,Sim,n/a
800756700840137000,Sim,relator
824655031349682000,Nao,n/a
811751795441734000,Sim,vítima
820048256331813000,Sim,relator
802562480236958000,Nao,n/a
807807098977391000,Sim,relator
816678636468273000,Nao,n/a
812872479647691000,Sim,vítima
806160746426077000,Sim,relator
803061369780261000,Sim,relator
802557852619538000,Sim,vítima
800690477347590000,Sim,relator
814129760024621000,Sim,n/a
804681709686030000,Sim,n/a
807788055188959000,Sim,bully
800462441758990000,Sim,vítima
816807004375286000,Sim,relator
812026048275685000,Sim,relator
818992690180325000,Sim,relator
820765909128200000,Sim,relator
806537625137975000,Sim,vítima
817934016447939000,Nao,n/a
804584932534260000,Sim,vítima
824728686389821000,Sim,relator
801114657826238000,Sim,relator
806623698509845000,Sim,n/a
816813906190549000,Sim,relator
816650655502836000,Sim,vítima
806995105534136000,Sim,bully
818453196297425000,Nao,n/a
818294590528754000,Sim,relator
821181184667435000,Sim,relator
812829342321541000,Nao,n/a
811984960852820000,Sim,relator
821110577833607000,Sim,n/a
801135444125585000,Sim,relator
819333043370476000,Nao,n/a
807694858542600000,Sim,vítima
819622023555117000,Nao,n/a
804641370556273000,Nao,n/a
807586780258206000,Nao,n/a
809829969727812000,Sim,n/a
813948276105953000,Sim,bully
800461627929797000,Sim,bully
806972928529199000,Sim,vítima
811825581667091000,Sim,vítima
817618725771870000,Sim,vítima
807777065000927000,Sim,n/a
813845321612718000,Sim,vítima
819555696337449000,Sim,relator
820656648968667000,Sim,bully
824663089991840000,Sim,relator
809825834496393000,Sim,relator
821405919615549000,Sim,vítima
803078703009960000,Nao,n/a
809558403806806000,Sim,relator
800413663832244000,Sim,relator
824937665053221000,Nao,n/a
767003427067064000,Sim,relator
814262605950939000,Sim,relator
801422296720310000,Sim,relator
824338126873264000,Nao,n/a
824223719895732000,Sim,relator
812316177192157000,Sim,relator
803349380942205000,Nao,n/a
812091037065871000,Nao,n/a
824683960152326000,Nao,n/a
801764662954119000,Nao,n/a
800519466320855000,Sim,relator
800369560675295000,Sim,bully
825046515735470000,Sim,relator
807085249121448000,Sim,relator
824995294702080000,Nao,n/a
808058797310771000,Nao,n/a
811946136214839000,Nao,n/a
824967507706528000,Sim,relator
813150403214840000,Sim,n/a
802034452226605000,Sim,relator
821482055062192000,Sim,n/a
807212830026035000,Sim,n/a
803349557937631000,Sim,relator
803061203035628000,Sim,relator
819618081332990000,Nao,n/a
810199528372654000,Sim,relator
820310597917143000,Sim,relator
820011730956906000,Sim,relator
802323179926590000,Sim,relator
819580691142873000,Sim,relator
811494490674463000,Nao,n/a
821132340441317000,Sim,relator
808053557190677000,Sim,bully
800834426003341000,Nao,n/a
804018169828540000,Sim,relator
817921067146768000,Nao,n/a
814097072282620000,Sim,relator
